<?xml version="1.0" encoding="UTF-8"?>
<!DOCTYPE suite SYSTEM "http://testng.org/testng-1.0.dtd">
<suite name= "Automation Test">
    <parameter name="URL" value="www.creditcards.com"/>
    
    <listeners>
		<listener class-name="CreditCardsDotCom.Listeners"/>
	</listeners>
    
        
    <test name="Smoke Testcases">
        
       
       	<classes>
          	<class name="CreditCardsDotCom.CardCategoryTest"/>
          	<class name="CreditCardsDotCom.CardIssuerTest"/>
          	<class name="CreditCardsDotCom.CreditRangeTest"/>
          	<class name="CreditCardsDotCom.ResourcesTest"/>
       	</classes>
    </test>
</suite>



