<?xml version="1.0" encoding="UTF-8"?>
<!DOCTYPE suite SYSTEM "http://testng.org/testng-1.0.dtd">
<suite name="Automation Test" parallel="tests" thread-count="2"> 
	
	<listeners>
		<listener class-name="CreditCardsDotCom.Listeners"/>
	</listeners>	
	
  <test name="Personal Loan">
  	<parameter name="URL" value="www.personalloan.com"/>
  	<parameter name="User" value="XZPPNJ"/>
  	<parameter name="PW" value="password"/>
  	
    <classes>
      <class name="CreditCardsDotCom.day1">
      	  <methods>
  	  		<!--include name="Demo"/-->
  	  	  </methods>
      </class>
      
      <class name="CreditCardsDotCom.day2"/>
      <class name="CreditCardsDotCom.day4"/>
    </classes>
  </test>
  
  <test name="Car Loan">
  	<parameter name="URL" value="www.carloan.com"/>
  	  	
  	<classes>
  	  <class name="CreditCardsDotCom.day3">
  	 	  <methods>
  	  		<!-- <exclude name="MobileLoginCarLoan"/> -->
  	  		<!-- THIS IS A REGULAR EXPRESS FOR ANY TESTCASE STARTING WITH "Mobile" -->
  	  		<!-- exclude name="Mobile.*"/-->
  	  	  </methods>
  	  </class>
    </classes>
  </test>
  
</suite>
